module_name	donor_id	sample_id	disease_status	broad_compartment	n_nuclei	n_genes_detected	mean_module_score	median_module_score	sd_module_score	sem_module_score	detection_fraction_mean	low_cell_count_flag	notes
Curated_exemplar_panel	GSM7290910	GSM7290910	healthy_control	Collecting_duct_principal	6318	6	0.209562421903022	0	0.274001878891962	0.00344717816424263	0.103461010868418	no	nucleus-level scores aggregated to donor x broad_compartment; no cell-level inferential test
Curated_exemplar_panel	GSM7290910	GSM7290910	healthy_control	Endothelial	271	6	0.246148883207348	0.226301652762802	0.216390684707867	0.0131447979732558	0.181426814268143	no	nucleus-level scores aggregated to donor x broad_compartment; no cell-level inferential test
Curated_exemplar_panel	GSM7290910	GSM7290910	healthy_control	Fibroblast_stromal	902	6	0.290457193485857	0.290459597978987	0.251881809450541	0.0083867468786351	0.192535107169254	no	nucleus-level scores aggregated to donor x broad_compartment; no cell-level inferential test
Curated_exemplar_panel	GSM7290910	GSM7290910	healthy_control	Injured_undifferentiated_epithelial	566	6	0.412713269261861	0.438681366116375	0.281296128961173	0.0118237582116815	0.273557126030624	no	nucleus-level scores aggregated to donor x broad_compartment; no cell-level inferential test
Curated_exemplar_panel	GSM7290910	GSM7290910	healthy_control	Loop_of_Henle_TAL	29	6	1.20170576817712	1.21348360816903	0.380633233648548	0.0706818170437919	0.752873563218391	no	nucleus-level scores aggregated to donor x broad_compartment; no cell-level inferential test
Curated_exemplar_panel	GSM7290910	GSM7290910	healthy_control	Pericyte_smooth_muscle	113	6	0.320197316958398	0.30732006992551	0.208562434919294	0.0196199034889476	0.227138643067847	no	nucleus-level scores aggregated to donor x broad_compartment; no cell-level inferential test
Curated_exemplar_panel	GSM7290912	GSM7290912	healthy_control	Collecting_duct_principal	16248	6	0.223351295941796	0.189530411598743	0.242899113075663	0.0019055746811383	0.144120301985885	no	nucleus-level scores aggregated to donor x broad_compartment; no cell-level inferential test
Curated_exemplar_panel	GSM7290912	GSM7290912	healthy_control	Endothelial	810	6	0.2496815831416	0.24804242349945	0.212037225642032	0.00745022868635424	0.183127572016461	no	nucleus-level scores aggregated to donor x broad_compartment; no cell-level inferential test
Curated_exemplar_panel	GSM7290912	GSM7290912	healthy_control	Fibroblast_stromal	1733	6	0.269456723207243	0.261565368486048	0.242841019635748	0.00583341355348115	0.178111175226005	no	nucleus-level scores aggregated to donor x broad_compartment; no cell-level inferential test
Curated_exemplar_panel	GSM7290912	GSM7290912	healthy_control	Injured_undifferentiated_epithelial	55	6	0.350423537633782	0.357933665697496	0.343805549340021	0.0463587308158283	0.160606060606061	no	nucleus-level scores aggregated to donor x broad_compartment; no cell-level inferential test
Curated_exemplar_panel	GSM7290912	GSM7290912	healthy_control	Loop_of_Henle_TAL	244	6	1.05353712658676	1.02853124735479	0.393057791881807	0.0251629466529301	0.628415300546448	no	nucleus-level scores aggregated to donor x broad_compartment; no cell-level inferential test
Curated_exemplar_panel	GSM7290912	GSM7290912	healthy_control	Pericyte_smooth_muscle	14	6	0.388047338296157	0.320127355325676	0.346445053972741	0.0925913353791715	0.226190476190476	yes	nucleus-level scores aggregated to donor x broad_compartment; no cell-level inferential test
Curated_exemplar_panel	GSM7290913	GSM7290913	stone_disease	Collecting_duct_principal	1385	6	0.35559884412088	0.349240381194422	0.274272834071607	0.00736983742134732	0.263176895306859	no	nucleus-level scores aggregated to donor x broad_compartment; no cell-level inferential test
Curated_exemplar_panel	GSM7290913	GSM7290913	stone_disease	Endothelial	305	6	0.283147599408386	0.263540828724135	0.213177045543161	0.0122064821191966	0.247540983606557	no	nucleus-level scores aggregated to donor x broad_compartment; no cell-level inferential test
Curated_exemplar_panel	GSM7290913	GSM7290913	stone_disease	Fibroblast_stromal	761	6	0.405685023109454	0.394707172716733	0.251987401426224	0.00913453616534704	0.297853701270258	no	nucleus-level scores aggregated to donor x broad_compartment; no cell-level inferential test
Curated_exemplar_panel	GSM7290913	GSM7290913	stone_disease	Injured_undifferentiated_epithelial	1727	6	0.364221679626057	0.423906211825723	0.335950495319656	0.00808405234516406	0.154796371356881	no	nucleus-level scores aggregated to donor x broad_compartment; no cell-level inferential test
Curated_exemplar_panel	GSM7290913	GSM7290913	stone_disease	Loop_of_Henle_TAL	263	6	1.4206509436511	1.45319570789542	0.363954144606634	0.0224423739769203	0.757921419518378	no	nucleus-level scores aggregated to donor x broad_compartment; no cell-level inferential test
Curated_exemplar_panel	GSM7290913	GSM7290913	stone_disease	Pericyte_smooth_muscle	21	6	0.43497309800107	0.413774909518546	0.310983009929319	0.0678620563260146	0.293650793650794	no	nucleus-level scores aggregated to donor x broad_compartment; no cell-level inferential test
Curated_exemplar_panel	GSM7290914	GSM7290914	stone_disease	Collecting_duct_principal	10898	6	0.285915380677394	0.297440396579227	0.246196374651378	0.00235834996198006	0.171438184376338	no	nucleus-level scores aggregated to donor x broad_compartment; no cell-level inferential test
Curated_exemplar_panel	GSM7290914	GSM7290914	stone_disease	Endothelial	1172	6	0.251132980097895	0.272119824882936	0.21841835342466	0.00638006822643848	0.132252559726962	no	nucleus-level scores aggregated to donor x broad_compartment; no cell-level inferential test
Curated_exemplar_panel	GSM7290914	GSM7290914	stone_disease	Fibroblast_stromal	26	6	0.170952285760568	0	0.267776193575495	0.0525152321660403	0.0705128205128205	no	nucleus-level scores aggregated to donor x broad_compartment; no cell-level inferential test
Curated_exemplar_panel	GSM7290914	GSM7290914	stone_disease	Injured_undifferentiated_epithelial	13	6	0.414833319537077	0.23091165464517	0.587950076579606	0.163068011424673	0.166666666666667	yes	nucleus-level scores aggregated to donor x broad_compartment; no cell-level inferential test
Curated_exemplar_panel	GSM7290914	GSM7290914	stone_disease	Loop_of_Henle_TAL	4	6	0.704710439460697	0.815599289133162	0.273185632928296	0.136592816464148	0.458333333333333	yes	nucleus-level scores aggregated to donor x broad_compartment; no cell-level inferential test
MAGMA_FDR	GSM7290910	GSM7290910	healthy_control	Collecting_duct_principal	6318	341	0.121313153209944	0.102049760238859	0.0661435786998918	0.000832142834644701	0.0678371807404065	no	nucleus-level scores aggregated to donor x broad_compartment; no cell-level inferential test
MAGMA_FDR	GSM7290910	GSM7290910	healthy_control	Endothelial	271	341	0.2024840819625	0.210023011678883	0.0532558841485332	0.00323506457297205	0.153455757431475	no	nucleus-level scores aggregated to donor x broad_compartment; no cell-level inferential test
MAGMA_FDR	GSM7290910	GSM7290910	healthy_control	Fibroblast_stromal	902	341	0.182154070904298	0.192441509738292	0.0720047735812869	0.00239749671243434	0.1297670214772	no	nucleus-level scores aggregated to donor x broad_compartment; no cell-level inferential test
MAGMA_FDR	GSM7290910	GSM7290910	healthy_control	Injured_undifferentiated_epithelial	566	341	0.199174742264554	0.216860390617591	0.0728016117751854	0.0030600799884072	0.157192004393646	no	nucleus-level scores aggregated to donor x broad_compartment; no cell-level inferential test
MAGMA_FDR	GSM7290910	GSM7290910	healthy_control	Loop_of_Henle_TAL	29	341	0.270282076609245	0.277841980183244	0.0403942166791031	0.00750101772662315	0.24744665790272	no	nucleus-level scores aggregated to donor x broad_compartment; no cell-level inferential test
MAGMA_FDR	GSM7290910	GSM7290910	healthy_control	Pericyte_smooth_muscle	113	341	0.213255285492309	0.220352135258714	0.042917155709769	0.0040373063987848	0.169542989126204	no	nucleus-level scores aggregated to donor x broad_compartment; no cell-level inferential test
MAGMA_FDR	GSM7290912	GSM7290912	healthy_control	Collecting_duct_principal	16248	341	0.181144211657346	0.180353602448894	0.0804118661056556	0.000630841398199298	0.117813011229174	no	nucleus-level scores aggregated to donor x broad_compartment; no cell-level inferential test
MAGMA_FDR	GSM7290912	GSM7290912	healthy_control	Endothelial	810	341	0.220548488492109	0.221571631931599	0.0550939042150626	0.00193580247234166	0.16250678831324	no	nucleus-level scores aggregated to donor x broad_compartment; no cell-level inferential test
MAGMA_FDR	GSM7290912	GSM7290912	healthy_control	Fibroblast_stromal	1733	341	0.194256124132894	0.201411085105165	0.0556160693463939	0.00133598324205374	0.126260464030134	no	nucleus-level scores aggregated to donor x broad_compartment; no cell-level inferential test
MAGMA_FDR	GSM7290912	GSM7290912	healthy_control	Injured_undifferentiated_epithelial	55	341	0.149904984157829	0.137267791061721	0.0546721381372951	0.00737198960254714	0.081524926686217	no	nucleus-level scores aggregated to donor x broad_compartment; no cell-level inferential test
MAGMA_FDR	GSM7290912	GSM7290912	healthy_control	Loop_of_Henle_TAL	244	341	0.257794589555148	0.263781456421886	0.0406477692208447	0.00260220677363468	0.18321234556031	no	nucleus-level scores aggregated to donor x broad_compartment; no cell-level inferential test
MAGMA_FDR	GSM7290912	GSM7290912	healthy_control	Pericyte_smooth_muscle	14	341	0.200463398327112	0.206196308285677	0.0428020146974904	0.0114393196044051	0.136154168412233	yes	nucleus-level scores aggregated to donor x broad_compartment; no cell-level inferential test
MAGMA_FDR	GSM7290913	GSM7290913	stone_disease	Collecting_duct_principal	1385	341	0.211330936713314	0.231114296654761	0.07410031478663	0.00199110959966798	0.167729231290428	no	nucleus-level scores aggregated to donor x broad_compartment; no cell-level inferential test
MAGMA_FDR	GSM7290913	GSM7290913	stone_disease	Endothelial	305	341	0.219172383430872	0.229173951982868	0.0496184410491964	0.00284114366960207	0.191327340031729	no	nucleus-level scores aggregated to donor x broad_compartment; no cell-level inferential test
MAGMA_FDR	GSM7290913	GSM7290913	stone_disease	Fibroblast_stromal	761	341	0.205965273389089	0.219227729275256	0.0587498506979611	0.00212968042398891	0.169810520961384	no	nucleus-level scores aggregated to donor x broad_compartment; no cell-level inferential test
MAGMA_FDR	GSM7290913	GSM7290913	stone_disease	Injured_undifferentiated_epithelial	1727	341	0.1189518252615	0.101056174482722	0.0637882660082768	0.00153495139492949	0.0660189130032416	no	nucleus-level scores aggregated to donor x broad_compartment; no cell-level inferential test
MAGMA_FDR	GSM7290913	GSM7290913	stone_disease	Loop_of_Henle_TAL	263	341	0.268938203582944	0.272477082174423	0.040043287202977	0.00246917486719577	0.205824961252411	no	nucleus-level scores aggregated to donor x broad_compartment; no cell-level inferential test
MAGMA_FDR	GSM7290913	GSM7290913	stone_disease	Pericyte_smooth_muscle	21	341	0.217697232057898	0.219927098293235	0.0377787502316983	0.0082439991713137	0.166038262812456	no	nucleus-level scores aggregated to donor x broad_compartment; no cell-level inferential test
MAGMA_FDR	GSM7290914	GSM7290914	stone_disease	Collecting_duct_principal	10898	341	0.190451109519814	0.197729792569867	0.0727074193243036	0.000696474673284473	0.130293486550036	no	nucleus-level scores aggregated to donor x broad_compartment; no cell-level inferential test
MAGMA_FDR	GSM7290914	GSM7290914	stone_disease	Endothelial	1172	341	0.188269748495381	0.190151078675282	0.0435850602617849	0.00127313320407178	0.112057490016314	no	nucleus-level scores aggregated to donor x broad_compartment; no cell-level inferential test
MAGMA_FDR	GSM7290914	GSM7290914	stone_disease	Fibroblast_stromal	26	341	0.119151437169936	0.108404437498187	0.0369904696066186	0.0072544279361965	0.0508684863523573	no	nucleus-level scores aggregated to donor x broad_compartment; no cell-level inferential test
MAGMA_FDR	GSM7290914	GSM7290914	stone_disease	Injured_undifferentiated_epithelial	13	341	0.136977875875402	0.133308831779015	0.0400899219424578	0.0111189437840677	0.0636138055492894	yes	nucleus-level scores aggregated to donor x broad_compartment; no cell-level inferential test
MAGMA_FDR	GSM7290914	GSM7290914	stone_disease	Loop_of_Henle_TAL	4	341	0.234082119444023	0.232119971065185	0.0533583987657743	0.0266791993828871	0.159824046920821	yes	nucleus-level scores aggregated to donor x broad_compartment; no cell-level inferential test
MAGMA_suggestive	GSM7290910	GSM7290910	healthy_control	Collecting_duct_principal	6318	172	0.119925698679967	0.100415956277773	0.0755068259564837	0.000949940499463106	0.0679757724331368	no	nucleus-level scores aggregated to donor x broad_compartment; no cell-level inferential test
MAGMA_suggestive	GSM7290910	GSM7290910	healthy_control	Endothelial	271	172	0.207246630895938	0.216736399237604	0.0592124777120192	0.00359690186327188	0.156526216424955	no	nucleus-level scores aggregated to donor x broad_compartment; no cell-level inferential test
MAGMA_suggestive	GSM7290910	GSM7290910	healthy_control	Fibroblast_stromal	902	172	0.190956463942223	0.204382383168888	0.0799431375562812	0.00266181532057037	0.13466199144021	no	nucleus-level scores aggregated to donor x broad_compartment; no cell-level inferential test
MAGMA_suggestive	GSM7290910	GSM7290910	healthy_control	Injured_undifferentiated_epithelial	566	172	0.21314705904866	0.229656773267241	0.0847394729654183	0.00356186572146794	0.16470129016353	no	nucleus-level scores aggregated to donor x broad_compartment; no cell-level inferential test
MAGMA_suggestive	GSM7290910	GSM7290910	healthy_control	Loop_of_Henle_TAL	29	172	0.309429962276796	0.324107719522109	0.0569570146050526	0.0105766520886405	0.267642341619888	no	nucleus-level scores aggregated to donor x broad_compartment; no cell-level inferential test
MAGMA_suggestive	GSM7290910	GSM7290910	healthy_control	Pericyte_smooth_muscle	113	172	0.226485298731085	0.233231232391037	0.0517159650528339	0.00486502875537977	0.176065033957604	no	nucleus-level scores aggregated to donor x broad_compartment; no cell-level inferential test
MAGMA_suggestive	GSM7290912	GSM7290912	healthy_control	Collecting_duct_principal	16248	172	0.187255220669836	0.184607818207531	0.0945455159973744	0.000741721693498454	0.121434265970481	no	nucleus-level scores aggregated to donor x broad_compartment; no cell-level inferential test
MAGMA_suggestive	GSM7290912	GSM7290912	healthy_control	Endothelial	810	172	0.22367613412591	0.222153626220235	0.0650724809023484	0.00228641391832478	0.165884295147861	no	nucleus-level scores aggregated to donor x broad_compartment; no cell-level inferential test
MAGMA_suggestive	GSM7290912	GSM7290912	healthy_control	Fibroblast_stromal	1733	172	0.2004289343095	0.207182724098136	0.0663312400119343	0.00159337806720306	0.130352661737275	no	nucleus-level scores aggregated to donor x broad_compartment; no cell-level inferential test
MAGMA_suggestive	GSM7290912	GSM7290912	healthy_control	Injured_undifferentiated_epithelial	55	172	0.157754556232213	0.151942273727543	0.0646896105728518	0.00872274531020347	0.0856236786469345	no	nucleus-level scores aggregated to donor x broad_compartment; no cell-level inferential test
MAGMA_suggestive	GSM7290912	GSM7290912	healthy_control	Loop_of_Henle_TAL	244	172	0.302214910841823	0.307556052073534	0.0509533379123217	0.0032619532042301	0.206014105985513	no	nucleus-level scores aggregated to donor x broad_compartment; no cell-level inferential test
MAGMA_suggestive	GSM7290912	GSM7290912	healthy_control	Pericyte_smooth_muscle	14	172	0.21254812214992	0.210722216955139	0.0497679022057394	0.013301031350882	0.143272425249169	yes	nucleus-level scores aggregated to donor x broad_compartment; no cell-level inferential test
MAGMA_suggestive	GSM7290913	GSM7290913	stone_disease	Collecting_duct_principal	1385	172	0.223333204603265	0.240974403068363	0.0843203589965335	0.0022657268964226	0.173679791789103	no	nucleus-level scores aggregated to donor x broad_compartment; no cell-level inferential test
MAGMA_suggestive	GSM7290913	GSM7290913	stone_disease	Endothelial	305	172	0.227132206136985	0.236851877366332	0.0578552314709508	0.00331278091716097	0.196645062905071	no	nucleus-level scores aggregated to donor x broad_compartment; no cell-level inferential test
MAGMA_suggestive	GSM7290913	GSM7290913	stone_disease	Fibroblast_stromal	761	172	0.216382440049048	0.229023499933397	0.0654323304061372	0.0023719201241606	0.175106194419827	no	nucleus-level scores aggregated to donor x broad_compartment; no cell-level inferential test
MAGMA_suggestive	GSM7290913	GSM7290913	stone_disease	Injured_undifferentiated_epithelial	1727	172	0.124541366844445	0.107193923417572	0.0716082636448551	0.00172312575726525	0.068175085172567	no	nucleus-level scores aggregated to donor x broad_compartment; no cell-level inferential test
MAGMA_suggestive	GSM7290913	GSM7290913	stone_disease	Loop_of_Henle_TAL	263	172	0.324703261411088	0.328676590222421	0.0466916913217283	0.00287913302756781	0.233442391016005	no	nucleus-level scores aggregated to donor x broad_compartment; no cell-level inferential test
MAGMA_suggestive	GSM7290913	GSM7290913	stone_disease	Pericyte_smooth_muscle	21	172	0.230563550644686	0.222998899543727	0.0368798856445915	0.00804785083750742	0.170819490586932	no	nucleus-level scores aggregated to donor x broad_compartment; no cell-level inferential test
MAGMA_suggestive	GSM7290914	GSM7290914	stone_disease	Collecting_duct_principal	10898	172	0.203758396444565	0.211120396427847	0.0840021491370048	0.0008046684907689	0.136592696761087	no	nucleus-level scores aggregated to donor x broad_compartment; no cell-level inferential test
MAGMA_suggestive	GSM7290914	GSM7290914	stone_disease	Endothelial	1172	172	0.192011452407064	0.196987386982126	0.0510492445475164	0.00149116435507624	0.114518017302961	no	nucleus-level scores aggregated to donor x broad_compartment; no cell-level inferential test
MAGMA_suggestive	GSM7290914	GSM7290914	stone_disease	Fibroblast_stromal	26	172	0.121927182956171	0.114759591461463	0.0437514335939337	0.00858036206319719	0.0518783542039356	no	nucleus-level scores aggregated to donor x broad_compartment; no cell-level inferential test
MAGMA_suggestive	GSM7290914	GSM7290914	stone_disease	Injured_undifferentiated_epithelial	13	172	0.150980098281246	0.153386358978447	0.0515225191043375	0.0142897757285971	0.0697674418604651	yes	nucleus-level scores aggregated to donor x broad_compartment; no cell-level inferential test
MAGMA_suggestive	GSM7290914	GSM7290914	stone_disease	Loop_of_Henle_TAL	4	172	0.271561454115452	0.270402280065527	0.0424578893674011	0.0212289446837006	0.181686046511628	yes	nucleus-level scores aggregated to donor x broad_compartment; no cell-level inferential test
MAGMA_top100	GSM7290910	GSM7290910	healthy_control	Collecting_duct_principal	6318	91	0.111111706623834	0.0967073611493743	0.0763337410252075	0.000960343798813151	0.0627737251668876	no	nucleus-level scores aggregated to donor x broad_compartment; no cell-level inferential test
MAGMA_top100	GSM7290910	GSM7290910	healthy_control	Endothelial	271	91	0.188352618114191	0.198068356953986	0.0644054782104845	0.00391235417823404	0.142086695592231	no	nucleus-level scores aggregated to donor x broad_compartment; no cell-level inferential test
MAGMA_top100	GSM7290910	GSM7290910	healthy_control	Fibroblast_stromal	902	91	0.17676313697247	0.182842190947096	0.0811274542224368	0.00270124875216618	0.12777466436003	no	nucleus-level scores aggregated to donor x broad_compartment; no cell-level inferential test
MAGMA_top100	GSM7290910	GSM7290910	healthy_control	Injured_undifferentiated_epithelial	566	91	0.213774915780461	0.229861269492075	0.0919419215834902	0.00386460721779296	0.163048965169107	no	nucleus-level scores aggregated to donor x broad_compartment; no cell-level inferential test
MAGMA_top100	GSM7290910	GSM7290910	healthy_control	Loop_of_Henle_TAL	29	91	0.332476731896957	0.34679002947356	0.0684377474425083	0.0127085706554122	0.269420234937476	no	nucleus-level scores aggregated to donor x broad_compartment; no cell-level inferential test
MAGMA_top100	GSM7290910	GSM7290910	healthy_control	Pericyte_smooth_muscle	113	91	0.216519882306873	0.220530588046057	0.059329265820906	0.00558122784636039	0.167655353496061	no	nucleus-level scores aggregated to donor x broad_compartment; no cell-level inferential test
MAGMA_top100	GSM7290912	GSM7290912	healthy_control	Collecting_duct_principal	16248	91	0.167011143631692	0.165690872889856	0.0909543571218009	0.00071354859174198	0.112366154279005	no	nucleus-level scores aggregated to donor x broad_compartment; no cell-level inferential test
MAGMA_top100	GSM7290912	GSM7290912	healthy_control	Endothelial	810	91	0.204757158893657	0.208777947912772	0.0673291263803834	0.002365704358126	0.154904354904355	no	nucleus-level scores aggregated to donor x broad_compartment; no cell-level inferential test
MAGMA_top100	GSM7290912	GSM7290912	healthy_control	Fibroblast_stromal	1733	91	0.190783837285891	0.195608799082023	0.075439701770231	0.00181217728140464	0.127391362244219	no	nucleus-level scores aggregated to donor x broad_compartment; no cell-level inferential test
MAGMA_top100	GSM7290912	GSM7290912	healthy_control	Injured_undifferentiated_epithelial	55	91	0.157906050851614	0.155584856490885	0.0653208040351758	0.00880785541930078	0.0845154845154845	no	nucleus-level scores aggregated to donor x broad_compartment; no cell-level inferential test
MAGMA_top100	GSM7290912	GSM7290912	healthy_control	Loop_of_Henle_TAL	244	91	0.312030032499336	0.31308151288122	0.0655314588766062	0.00419522176600577	0.207395063952441	no	nucleus-level scores aggregated to donor x broad_compartment; no cell-level inferential test
MAGMA_top100	GSM7290912	GSM7290912	healthy_control	Pericyte_smooth_muscle	14	91	0.192723339351633	0.192063120703193	0.0537873612844693	0.0143752769760795	0.131868131868132	yes	nucleus-level scores aggregated to donor x broad_compartment; no cell-level inferential test
MAGMA_top100	GSM7290913	GSM7290913	stone_disease	Collecting_duct_principal	1385	91	0.209263948126023	0.219867553677453	0.0821212849369155	0.00220663676322823	0.165834887134526	no	nucleus-level scores aggregated to donor x broad_compartment; no cell-level inferential test
MAGMA_top100	GSM7290913	GSM7290913	stone_disease	Endothelial	305	91	0.21504462240518	0.222721421807942	0.0646210501983357	0.00370019057051799	0.188794811745631	no	nucleus-level scores aggregated to donor x broad_compartment; no cell-level inferential test
MAGMA_top100	GSM7290913	GSM7290913	stone_disease	Fibroblast_stromal	761	91	0.213333299175114	0.224888361604058	0.0702514644561259	0.00254661359699347	0.174293512007047	no	nucleus-level scores aggregated to donor x broad_compartment; no cell-level inferential test
MAGMA_top100	GSM7290913	GSM7290913	stone_disease	Injured_undifferentiated_epithelial	1727	91	0.12634695617587	0.110539822289068	0.0747281590565958	0.00179820050241766	0.067200315607959	no	nucleus-level scores aggregated to donor x broad_compartment; no cell-level inferential test
MAGMA_top100	GSM7290913	GSM7290913	stone_disease	Loop_of_Henle_TAL	263	91	0.363084600051379	0.365870766274532	0.0550850041610842	0.0033966868689994	0.243220657669327	no	nucleus-level scores aggregated to donor x broad_compartment; no cell-level inferential test
MAGMA_top100	GSM7290913	GSM7290913	stone_disease	Pericyte_smooth_muscle	21	91	0.219105923886107	0.20784385725422	0.0413059742281035	0.00901370255019901	0.160648874934589	no	nucleus-level scores aggregated to donor x broad_compartment; no cell-level inferential test
MAGMA_top100	GSM7290914	GSM7290914	stone_disease	Collecting_duct_principal	10898	91	0.177006553513724	0.184767860510404	0.0823303962322016	0.00078865453278489	0.12402013475605	no	nucleus-level scores aggregated to donor x broad_compartment; no cell-level inferential test
MAGMA_top100	GSM7290914	GSM7290914	stone_disease	Endothelial	1172	91	0.178382667353238	0.179028359991019	0.0591427594017401	0.00172757844826943	0.106036455012564	no	nucleus-level scores aggregated to donor x broad_compartment; no cell-level inferential test
MAGMA_top100	GSM7290914	GSM7290914	stone_disease	Fibroblast_stromal	26	91	0.102336268711775	0.0951984323208951	0.0548182972193095	0.0107507525855072	0.0435333896872358	no	nucleus-level scores aggregated to donor x broad_compartment; no cell-level inferential test
MAGMA_top100	GSM7290914	GSM7290914	stone_disease	Injured_undifferentiated_epithelial	13	91	0.145413161267612	0.148600608678589	0.0612371364215384	0.0169841257946492	0.0659340659340659	yes	nucleus-level scores aggregated to donor x broad_compartment; no cell-level inferential test
MAGMA_top100	GSM7290914	GSM7290914	stone_disease	Loop_of_Henle_TAL	4	91	0.271969177976898	0.249986063893662	0.0840613393060707	0.0420306696530353	0.181318681318681	yes	nucleus-level scores aggregated to donor x broad_compartment; no cell-level inferential test
MAGMA_top50	GSM7290910	GSM7290910	healthy_control	Collecting_duct_principal	6318	46	0.12929092205724	0.120344070952643	0.0971604813648797	0.00122236201862097	0.0714796922526391	no	nucleus-level scores aggregated to donor x broad_compartment; no cell-level inferential test
MAGMA_top50	GSM7290910	GSM7290910	healthy_control	Endothelial	271	46	0.192578511894836	0.192081398013175	0.0785455458124696	0.00477130211403452	0.143590566340446	no	nucleus-level scores aggregated to donor x broad_compartment; no cell-level inferential test
MAGMA_top50	GSM7290910	GSM7290910	healthy_control	Fibroblast_stromal	902	46	0.196057791853957	0.203978199523315	0.0973507931194943	0.00324142685058759	0.141689964330473	no	nucleus-level scores aggregated to donor x broad_compartment; no cell-level inferential test
MAGMA_top50	GSM7290910	GSM7290910	healthy_control	Injured_undifferentiated_epithelial	566	46	0.245811375694078	0.268275535684167	0.11404347891669	0.00479360496466719	0.185435550775849	no	nucleus-level scores aggregated to donor x broad_compartment; no cell-level inferential test
MAGMA_top50	GSM7290910	GSM7290910	healthy_control	Loop_of_Henle_TAL	29	46	0.3980713845059	0.417377652066614	0.0775383827875505	0.0143985162134359	0.31784107946027	no	nucleus-level scores aggregated to donor x broad_compartment; no cell-level inferential test
MAGMA_top50	GSM7290910	GSM7290910	healthy_control	Pericyte_smooth_muscle	113	46	0.232839790357707	0.23790725866071	0.0832469746570166	0.0078312166289656	0.180454020777222	no	nucleus-level scores aggregated to donor x broad_compartment; no cell-level inferential test
MAGMA_top50	GSM7290912	GSM7290912	healthy_control	Collecting_duct_principal	16248	46	0.193898275898926	0.191315126318334	0.114443327097883	0.00089782257243164	0.128512137948751	no	nucleus-level scores aggregated to donor x broad_compartment; no cell-level inferential test
MAGMA_top50	GSM7290912	GSM7290912	healthy_control	Endothelial	810	46	0.215693025276237	0.218578472580428	0.0853464691562815	0.00299876925319065	0.163660762211487	no	nucleus-level scores aggregated to donor x broad_compartment; no cell-level inferential test
MAGMA_top50	GSM7290912	GSM7290912	healthy_control	Fibroblast_stromal	1733	46	0.203303688701577	0.209242565553005	0.0920898886645838	0.00221214029442114	0.138086755814245	no	nucleus-level scores aggregated to donor x broad_compartment; no cell-level inferential test
MAGMA_top50	GSM7290912	GSM7290912	healthy_control	Injured_undifferentiated_epithelial	55	46	0.184782778601175	0.169214718458688	0.0957402241855547	0.0129096091956202	0.0984189723320158	no	nucleus-level scores aggregated to donor x broad_compartment; no cell-level inferential test
MAGMA_top50	GSM7290912	GSM7290912	healthy_control	Loop_of_Henle_TAL	244	46	0.363367935726546	0.36052988596687	0.091476429324263	0.00585617829904035	0.245545260156807	no	nucleus-level scores aggregated to donor x broad_compartment; no cell-level inferential test
MAGMA_top50	GSM7290912	GSM7290912	healthy_control	Pericyte_smooth_muscle	14	46	0.199488743359739	0.197279604808525	0.0637618951366371	0.0170410832809074	0.139751552795031	yes	nucleus-level scores aggregated to donor x broad_compartment; no cell-level inferential test
MAGMA_top50	GSM7290913	GSM7290913	stone_disease	Collecting_duct_principal	1385	46	0.234962525144901	0.249552163469315	0.0999755440871573	0.00268638893285627	0.185747920263695	no	nucleus-level scores aggregated to donor x broad_compartment; no cell-level inferential test
MAGMA_top50	GSM7290913	GSM7290913	stone_disease	Endothelial	305	46	0.220683626577738	0.218937244319213	0.0831215139078037	0.00475952404092554	0.190306486101212	no	nucleus-level scores aggregated to donor x broad_compartment; no cell-level inferential test
MAGMA_top50	GSM7290913	GSM7290913	stone_disease	Fibroblast_stromal	761	46	0.241934749226386	0.248527494321926	0.0880178758466903	0.00319064550675169	0.194595212249329	no	nucleus-level scores aggregated to donor x broad_compartment; no cell-level inferential test
MAGMA_top50	GSM7290913	GSM7290913	stone_disease	Injured_undifferentiated_epithelial	1727	46	0.162021394186119	0.14049675255982	0.101996010578582	0.0024543529478372	0.082399738173762	no	nucleus-level scores aggregated to donor x broad_compartment; no cell-level inferential test
MAGMA_top50	GSM7290913	GSM7290913	stone_disease	Loop_of_Henle_TAL	263	46	0.42800470971909	0.435711371045436	0.0856071878328089	0.00527876534153182	0.287650851380394	no	nucleus-level scores aggregated to donor x broad_compartment; no cell-level inferential test
MAGMA_top50	GSM7290913	GSM7290913	stone_disease	Pericyte_smooth_muscle	21	46	0.23840454202292	0.223711983965174	0.0674612419182119	0.0147212498840921	0.173913043478261	no	nucleus-level scores aggregated to donor x broad_compartment; no cell-level inferential test
MAGMA_top50	GSM7290914	GSM7290914	stone_disease	Collecting_duct_principal	10898	46	0.207749953134244	0.216265702999905	0.107548262745534	0.0010302200498123	0.141860891906772	no	nucleus-level scores aggregated to donor x broad_compartment; no cell-level inferential test
MAGMA_top50	GSM7290914	GSM7290914	stone_disease	Endothelial	1172	46	0.175623609296063	0.177954501828745	0.0740795134222073	0.00216388569185911	0.103576198248998	no	nucleus-level scores aggregated to donor x broad_compartment; no cell-level inferential test
MAGMA_top50	GSM7290914	GSM7290914	stone_disease	Fibroblast_stromal	26	46	0.127721124439979	0.118971384271675	0.0829152563020847	0.0162610196099568	0.0535117056856187	no	nucleus-level scores aggregated to donor x broad_compartment; no cell-level inferential test
MAGMA_top50	GSM7290914	GSM7290914	stone_disease	Injured_undifferentiated_epithelial	13	46	0.147407588369788	0.116115099853789	0.125285794717628	0.034748027457051	0.0635451505016722	yes	nucleus-level scores aggregated to donor x broad_compartment; no cell-level inferential test
MAGMA_top50	GSM7290914	GSM7290914	stone_disease	Loop_of_Henle_TAL	4	46	0.305653749506964	0.2609958282988	0.157555009480694	0.0787775047403471	0.206521739130435	yes	nucleus-level scores aggregated to donor x broad_compartment; no cell-level inferential test
R1_MAGMA_Bonferroni_only	GSM7290910	GSM7290910	healthy_control	Collecting_duct_principal	6318	70	0.11964200671875	0.103545525487418	0.0859158912141899	0.0010808954498877	0.0665264776375888	no	nucleus-level scores aggregated to donor x broad_compartment; no cell-level inferential test
R1_MAGMA_Bonferroni_only	GSM7290910	GSM7290910	healthy_control	Endothelial	271	70	0.206500902138379	0.211410469606482	0.0701512195750241	0.00426138310961071	0.151449657353716	no	nucleus-level scores aggregated to donor x broad_compartment; no cell-level inferential test
R1_MAGMA_Bonferroni_only	GSM7290910	GSM7290910	healthy_control	Fibroblast_stromal	902	70	0.186844026744157	0.193925359672019	0.0870800024607412	0.00289944692878888	0.131659803611023	no	nucleus-level scores aggregated to donor x broad_compartment; no cell-level inferential test
R1_MAGMA_Bonferroni_only	GSM7290910	GSM7290910	healthy_control	Injured_undifferentiated_epithelial	566	70	0.242992304954225	0.262495130926446	0.107109338219831	0.00450214129146192	0.180641090358405	no	nucleus-level scores aggregated to donor x broad_compartment; no cell-level inferential test
R1_MAGMA_Bonferroni_only	GSM7290910	GSM7290910	healthy_control	Loop_of_Henle_TAL	29	70	0.385075544742948	0.405951368845944	0.0841005994752586	0.0156170892604509	0.29704433497537	no	nucleus-level scores aggregated to donor x broad_compartment; no cell-level inferential test
R1_MAGMA_Bonferroni_only	GSM7290910	GSM7290910	healthy_control	Pericyte_smooth_muscle	113	70	0.230072260500948	0.231481867010234	0.0687681547252412	0.00646916382302665	0.174841972187105	no	nucleus-level scores aggregated to donor x broad_compartment; no cell-level inferential test
R1_MAGMA_Bonferroni_only	GSM7290912	GSM7290912	healthy_control	Collecting_duct_principal	16248	70	0.18038194232294	0.179292454146635	0.103491424414718	0.000811903491875634	0.119572518815503	no	nucleus-level scores aggregated to donor x broad_compartment; no cell-level inferential test
R1_MAGMA_Bonferroni_only	GSM7290912	GSM7290912	healthy_control	Endothelial	810	70	0.221944472706328	0.228792232376921	0.0732261631803947	0.00257290511072452	0.164268077601411	no	nucleus-level scores aggregated to donor x broad_compartment; no cell-level inferential test
R1_MAGMA_Bonferroni_only	GSM7290912	GSM7290912	healthy_control	Fibroblast_stromal	1733	70	0.196525666290258	0.200381309597487	0.0818725727808309	0.00196670470431415	0.131036188277966	no	nucleus-level scores aggregated to donor x broad_compartment; no cell-level inferential test
R1_MAGMA_Bonferroni_only	GSM7290912	GSM7290912	healthy_control	Injured_undifferentiated_epithelial	55	70	0.174672291771184	0.163842674803726	0.0754949773008359	0.0101797406625778	0.0916883116883117	no	nucleus-level scores aggregated to donor x broad_compartment; no cell-level inferential test
R1_MAGMA_Bonferroni_only	GSM7290912	GSM7290912	healthy_control	Loop_of_Henle_TAL	244	70	0.359758130035949	0.362654583783548	0.0771989567352757	0.00494215677722966	0.233430913348946	no	nucleus-level scores aggregated to donor x broad_compartment; no cell-level inferential test
R1_MAGMA_Bonferroni_only	GSM7290912	GSM7290912	healthy_control	Pericyte_smooth_muscle	14	70	0.188180563198447	0.183306270459061	0.0489459317711448	0.0130813505117169	0.127551020408163	yes	nucleus-level scores aggregated to donor x broad_compartment; no cell-level inferential test
R1_MAGMA_Bonferroni_only	GSM7290913	GSM7290913	stone_disease	Collecting_duct_principal	1385	70	0.23067439178044	0.243415407576617	0.0937821809090295	0.00251997041069872	0.17812274368231	no	nucleus-level scores aggregated to donor x broad_compartment; no cell-level inferential test
R1_MAGMA_Bonferroni_only	GSM7290913	GSM7290913	stone_disease	Endothelial	305	70	0.238273486904448	0.244197892764863	0.0744023560724466	0.00426026651561102	0.203512880562061	no	nucleus-level scores aggregated to donor x broad_compartment; no cell-level inferential test
R1_MAGMA_Bonferroni_only	GSM7290913	GSM7290913	stone_disease	Fibroblast_stromal	761	70	0.223257537592516	0.230592000299568	0.0763051861393774	0.00276606083656825	0.178524497841186	no	nucleus-level scores aggregated to donor x broad_compartment; no cell-level inferential test
R1_MAGMA_Bonferroni_only	GSM7290913	GSM7290913	stone_disease	Injured_undifferentiated_epithelial	1727	70	0.13961018356786	0.125866790294188	0.0860765328933632	0.00207127897501115	0.0723798494499132	no	nucleus-level scores aggregated to donor x broad_compartment; no cell-level inferential test
R1_MAGMA_Bonferroni_only	GSM7290913	GSM7290913	stone_disease	Loop_of_Henle_TAL	263	70	0.424751233040624	0.42838363440043	0.0655888333991385	0.00404438072671025	0.276208582292233	no	nucleus-level scores aggregated to donor x broad_compartment; no cell-level inferential test
R1_MAGMA_Bonferroni_only	GSM7290913	GSM7290913	stone_disease	Pericyte_smooth_muscle	21	70	0.243443445471269	0.230985207989075	0.0411067673665691	0.00897023204915445	0.176190476190476	no	nucleus-level scores aggregated to donor x broad_compartment; no cell-level inferential test
R1_MAGMA_Bonferroni_only	GSM7290914	GSM7290914	stone_disease	Collecting_duct_principal	10898	70	0.191589970794539	0.199840352019771	0.0942112866773383	0.000902463266033923	0.132178905696982	no	nucleus-level scores aggregated to donor x broad_compartment; no cell-level inferential test
R1_MAGMA_Bonferroni_only	GSM7290914	GSM7290914	stone_disease	Endothelial	1172	70	0.191823762612889	0.191823970018556	0.0695878893399966	0.0020326839515168	0.112737688932228	no	nucleus-level scores aggregated to donor x broad_compartment; no cell-level inferential test
R1_MAGMA_Bonferroni_only	GSM7290914	GSM7290914	stone_disease	Fibroblast_stromal	26	70	0.104632644478755	0.106390934969819	0.0660848842897969	0.0129603120979691	0.0450549450549451	no	nucleus-level scores aggregated to donor x broad_compartment; no cell-level inferential test
R1_MAGMA_Bonferroni_only	GSM7290914	GSM7290914	stone_disease	Injured_undifferentiated_epithelial	13	70	0.158681081870193	0.168913462286	0.0794687229688155	0.0220406581122852	0.0703296703296703	yes	nucleus-level scores aggregated to donor x broad_compartment; no cell-level inferential test
R1_MAGMA_Bonferroni_only	GSM7290914	GSM7290914	stone_disease	Loop_of_Henle_TAL	4	70	0.319639487508703	0.302945544810275	0.0955544024211714	0.0477772012105857	0.210714285714286	yes	nucleus-level scores aggregated to donor x broad_compartment; no cell-level inferential test
R1_R2_R3_all_MAGMA_Bonferroni	GSM7290910	GSM7290910	healthy_control	Collecting_duct_principal	6318	84	0.116715582596195	0.102898705812208	0.0802700160309913	0.00100986550758122	0.0656080887562369	no	nucleus-level scores aggregated to donor x broad_compartment; no cell-level inferential test
R1_R2_R3_all_MAGMA_Bonferroni	GSM7290910	GSM7290910	healthy_control	Endothelial	271	84	0.197377552836048	0.201966369410901	0.0672710953102587	0.00408642802016532	0.148128624143384	no	nucleus-level scores aggregated to donor x broad_compartment; no cell-level inferential test
R1_R2_R3_all_MAGMA_Bonferroni	GSM7290910	GSM7290910	healthy_control	Fibroblast_stromal	902	84	0.181136241505055	0.188395578065082	0.0824948846099515	0.0027467792037667	0.130701615457713	no	nucleus-level scores aggregated to donor x broad_compartment; no cell-level inferential test
R1_R2_R3_all_MAGMA_Bonferroni	GSM7290910	GSM7290910	healthy_control	Injured_undifferentiated_epithelial	566	84	0.223581431671428	0.241480259479534	0.0960216619087694	0.00403609149434767	0.169611307420495	no	nucleus-level scores aggregated to donor x broad_compartment; no cell-level inferential test
R1_R2_R3_all_MAGMA_Bonferroni	GSM7290910	GSM7290910	healthy_control	Loop_of_Henle_TAL	29	84	0.346194684460232	0.363479714047874	0.0717105756652639	0.0133163195990322	0.277914614121511	no	nucleus-level scores aggregated to donor x broad_compartment; no cell-level inferential test
R1_R2_R3_all_MAGMA_Bonferroni	GSM7290910	GSM7290910	healthy_control	Pericyte_smooth_muscle	113	84	0.222263488186852	0.222354796621199	0.0620752853267588	0.00583955163177481	0.171407501053519	no	nucleus-level scores aggregated to donor x broad_compartment; no cell-level inferential test
R1_R2_R3_all_MAGMA_Bonferroni	GSM7290912	GSM7290912	healthy_control	Collecting_duct_principal	16248	84	0.172840720556341	0.171234867171365	0.0942918095866919	0.000739731334182121	0.115969584534946	no	nucleus-level scores aggregated to donor x broad_compartment; no cell-level inferential test
R1_R2_R3_all_MAGMA_Bonferroni	GSM7290912	GSM7290912	healthy_control	Endothelial	810	84	0.2126142135066	0.219172866840269	0.0684229229298995	0.00240413645138493	0.160435038212816	no	nucleus-level scores aggregated to donor x broad_compartment; no cell-level inferential test
R1_R2_R3_all_MAGMA_Bonferroni	GSM7290912	GSM7290912	healthy_control	Fibroblast_stromal	1733	84	0.187003745237186	0.190137426416272	0.0747349934407744	0.00179524910705226	0.126590278350232	no	nucleus-level scores aggregated to donor x broad_compartment; no cell-level inferential test
R1_R2_R3_all_MAGMA_Bonferroni	GSM7290912	GSM7290912	healthy_control	Injured_undifferentiated_epithelial	55	84	0.165581599155919	0.168550261198459	0.06798029750559	0.00916646144569581	0.0880952380952381	no	nucleus-level scores aggregated to donor x broad_compartment; no cell-level inferential test
R1_R2_R3_all_MAGMA_Bonferroni	GSM7290912	GSM7290912	healthy_control	Loop_of_Henle_TAL	244	84	0.322786726010979	0.321765654214205	0.0686821545708171	0.00439692438915815	0.21326112412178	no	nucleus-level scores aggregated to donor x broad_compartment; no cell-level inferential test
R1_R2_R3_all_MAGMA_Bonferroni	GSM7290912	GSM7290912	healthy_control	Pericyte_smooth_muscle	14	84	0.188309928271537	0.178453544805131	0.0530407273893203	0.0141757306740081	0.129251700680272	yes	nucleus-level scores aggregated to donor x broad_compartment; no cell-level inferential test
R1_R2_R3_all_MAGMA_Bonferroni	GSM7290913	GSM7290913	stone_disease	Collecting_duct_principal	1385	84	0.217033604978689	0.229271125095135	0.0847157384928775	0.00227635092565849	0.171196493037648	no	nucleus-level scores aggregated to donor x broad_compartment; no cell-level inferential test
R1_R2_R3_all_MAGMA_Bonferroni	GSM7290913	GSM7290913	stone_disease	Endothelial	305	84	0.225169409269419	0.231118688688442	0.0691183302482559	0.00395770407707072	0.197306791569087	no	nucleus-level scores aggregated to donor x broad_compartment; no cell-level inferential test
R1_R2_R3_all_MAGMA_Bonferroni	GSM7290913	GSM7290913	stone_disease	Fibroblast_stromal	761	84	0.212904195624491	0.22346314552499	0.070547378830294	0.00255734048467668	0.176209248482573	no	nucleus-level scores aggregated to donor x broad_compartment; no cell-level inferential test
R1_R2_R3_all_MAGMA_Bonferroni	GSM7290913	GSM7290913	stone_disease	Injured_undifferentiated_epithelial	1727	84	0.132641629600831	0.114961325569285	0.0791476300318463	0.00190454722671067	0.0702360272423967	no	nucleus-level scores aggregated to donor x broad_compartment; no cell-level inferential test
R1_R2_R3_all_MAGMA_Bonferroni	GSM7290913	GSM7290913	stone_disease	Loop_of_Henle_TAL	263	84	0.377586800132559	0.381603829339761	0.058119108907045	0.00358377778251982	0.251584283903676	no	nucleus-level scores aggregated to donor x broad_compartment; no cell-level inferential test
R1_R2_R3_all_MAGMA_Bonferroni	GSM7290913	GSM7290913	stone_disease	Pericyte_smooth_muscle	21	84	0.227061494861793	0.216189353257502	0.0375261686707648	0.00818888135597428	0.16609977324263	no	nucleus-level scores aggregated to donor x broad_compartment; no cell-level inferential test
R1_R2_R3_all_MAGMA_Bonferroni	GSM7290914	GSM7290914	stone_disease	Collecting_duct_principal	10898	84	0.181335047234721	0.188917222503127	0.0856832218380594	0.000820771724401937	0.126923681933776	no	nucleus-level scores aggregated to donor x broad_compartment; no cell-level inferential test
R1_R2_R3_all_MAGMA_Bonferroni	GSM7290914	GSM7290914	stone_disease	Endothelial	1172	84	0.182721407436215	0.183256134686652	0.0626931009931963	0.00183128503347847	0.108503981797497	no	nucleus-level scores aggregated to donor x broad_compartment; no cell-level inferential test
R1_R2_R3_all_MAGMA_Bonferroni	GSM7290914	GSM7290914	stone_disease	Fibroblast_stromal	26	84	0.101433954029741	0.0943270197490154	0.0586722223460095	0.0115065694864676	0.0434981684981685	no	nucleus-level scores aggregated to donor x broad_compartment; no cell-level inferential test
R1_R2_R3_all_MAGMA_Bonferroni	GSM7290914	GSM7290914	stone_disease	Injured_undifferentiated_epithelial	13	84	0.15429489878128	0.145538411139936	0.0650170162851243	0.0180324758456687	0.0695970695970696	yes	nucleus-level scores aggregated to donor x broad_compartment; no cell-level inferential test
R1_R2_R3_all_MAGMA_Bonferroni	GSM7290914	GSM7290914	stone_disease	Loop_of_Henle_TAL	4	84	0.282306915084205	0.261636428280015	0.0962979540019449	0.0481489770009725	0.1875	yes	nucleus-level scores aggregated to donor x broad_compartment; no cell-level inferential test
R2_MAGMA_Bonferroni_plus_multi_snp_TWAS_proxy	GSM7290910	GSM7290910	healthy_control	Collecting_duct_principal	6318	1	0.102319202893787	0	0.454935493229124	0.00572347790000646	0.0623615068059513	no	nucleus-level scores aggregated to donor x broad_compartment; no cell-level inferential test
R2_MAGMA_Bonferroni_plus_multi_snp_TWAS_proxy	GSM7290910	GSM7290910	healthy_control	Endothelial	271	1	0.16804469366465	0	0.42533132592431	0.0258370380338688	0.158671586715867	no	nucleus-level scores aggregated to donor x broad_compartment; no cell-level inferential test
R2_MAGMA_Bonferroni_plus_multi_snp_TWAS_proxy	GSM7290910	GSM7290910	healthy_control	Fibroblast_stromal	902	1	0.136422007423791	0	0.41408344322639	0.01378747053052	0.116407982261641	no	nucleus-level scores aggregated to donor x broad_compartment; no cell-level inferential test
R2_MAGMA_Bonferroni_plus_multi_snp_TWAS_proxy	GSM7290910	GSM7290910	healthy_control	Injured_undifferentiated_epithelial	566	1	0.1543757111731	0	0.420812116678879	0.0176880525819242	0.151943462897526	no	nucleus-level scores aggregated to donor x broad_compartment; no cell-level inferential test
R2_MAGMA_Bonferroni_plus_multi_snp_TWAS_proxy	GSM7290910	GSM7290910	healthy_control	Loop_of_Henle_TAL	29	1	0.299696496479222	0	0.454653786832342	0.084427088699309	0.344827586206897	no	nucleus-level scores aggregated to donor x broad_compartment; no cell-level inferential test
R2_MAGMA_Bonferroni_plus_multi_snp_TWAS_proxy	GSM7290910	GSM7290910	healthy_control	Pericyte_smooth_muscle	113	1	0.118846627596774	0	0.363148163583096	0.0341621055797799	0.123893805309735	no	nucleus-level scores aggregated to donor x broad_compartment; no cell-level inferential test
R2_MAGMA_Bonferroni_plus_multi_snp_TWAS_proxy	GSM7290912	GSM7290912	healthy_control	Collecting_duct_principal	16248	1	0.0981705817234922	0	0.387463533988235	0.00303970109599518	0.0783481043820781	no	nucleus-level scores aggregated to donor x broad_compartment; no cell-level inferential test
R2_MAGMA_Bonferroni_plus_multi_snp_TWAS_proxy	GSM7290912	GSM7290912	healthy_control	Endothelial	810	1	0.182877096134299	0	0.451205937295323	0.0158537606182704	0.165432098765432	no	nucleus-level scores aggregated to donor x broad_compartment; no cell-level inferential test
R2_MAGMA_Bonferroni_plus_multi_snp_TWAS_proxy	GSM7290912	GSM7290912	healthy_control	Fibroblast_stromal	1733	1	0.11343418184885	0	0.378000344234289	0.00908014772209531	0.0952106174264283	no	nucleus-level scores aggregated to donor x broad_compartment; no cell-level inferential test
R2_MAGMA_Bonferroni_plus_multi_snp_TWAS_proxy	GSM7290912	GSM7290912	healthy_control	Injured_undifferentiated_epithelial	55	1	0.114259828178505	0	0.445807886189718	0.0601127231108273	0.0727272727272727	no	nucleus-level scores aggregated to donor x broad_compartment; no cell-level inferential test
R2_MAGMA_Bonferroni_plus_multi_snp_TWAS_proxy	GSM7290912	GSM7290912	healthy_control	Loop_of_Henle_TAL	244	1	0.182777502401802	0	0.45288241841684	0.0289928259152782	0.155737704918033	no	nucleus-level scores aggregated to donor x broad_compartment; no cell-level inferential test
R2_MAGMA_Bonferroni_plus_multi_snp_TWAS_proxy	GSM7290912	GSM7290912	healthy_control	Pericyte_smooth_muscle	14	1	0.33298821393565	0	0.569256064380979	0.152140082732639	0.285714285714286	yes	nucleus-level scores aggregated to donor x broad_compartment; no cell-level inferential test
R2_MAGMA_Bonferroni_plus_multi_snp_TWAS_proxy	GSM7290913	GSM7290913	stone_disease	Collecting_duct_principal	1385	1	0.142853540853689	0	0.397683955616109	0.0106859511183081	0.150902527075812	no	nucleus-level scores aggregated to donor x broad_compartment; no cell-level inferential test
R2_MAGMA_Bonferroni_plus_multi_snp_TWAS_proxy	GSM7290913	GSM7290913	stone_disease	Endothelial	305	1	0.184349180088788	0	0.391846425422785	0.022437061050393	0.216393442622951	no	nucleus-level scores aggregated to donor x broad_compartment; no cell-level inferential test
R2_MAGMA_Bonferroni_plus_multi_snp_TWAS_proxy	GSM7290913	GSM7290913	stone_disease	Fibroblast_stromal	761	1	0.150509607795056	0	0.376128256691983	0.0136346386530271	0.172141918528252	no	nucleus-level scores aggregated to donor x broad_compartment; no cell-level inferential test
R2_MAGMA_Bonferroni_plus_multi_snp_TWAS_proxy	GSM7290913	GSM7290913	stone_disease	Injured_undifferentiated_epithelial	1727	1	0.111569720996715	0	0.481534018839647	0.0115872614224694	0.0746960046323106	no	nucleus-level scores aggregated to donor x broad_compartment; no cell-level inferential test
R2_MAGMA_Bonferroni_plus_multi_snp_TWAS_proxy	GSM7290913	GSM7290913	stone_disease	Loop_of_Henle_TAL	263	1	0.177007933182375	0	0.416000205446241	0.0256516715730513	0.17490494296578	no	nucleus-level scores aggregated to donor x broad_compartment; no cell-level inferential test
R2_MAGMA_Bonferroni_plus_multi_snp_TWAS_proxy	GSM7290913	GSM7290913	stone_disease	Pericyte_smooth_muscle	21	1	0.152822724135309	0	0.401006062025009	0.0875066968269409	0.142857142857143	no	nucleus-level scores aggregated to donor x broad_compartment; no cell-level inferential test
R2_MAGMA_Bonferroni_plus_multi_snp_TWAS_proxy	GSM7290914	GSM7290914	stone_disease	Collecting_duct_principal	10898	1	0.137920174501256	0	0.423654233059281	0.00405824393573156	0.118370343182235	no	nucleus-level scores aggregated to donor x broad_compartment; no cell-level inferential test
R2_MAGMA_Bonferroni_plus_multi_snp_TWAS_proxy	GSM7290914	GSM7290914	stone_disease	Endothelial	1172	1	0.169625763397859	0	0.501405168671469	0.0146462013610789	0.110921501706485	no	nucleus-level scores aggregated to donor x broad_compartment; no cell-level inferential test
R2_MAGMA_Bonferroni_plus_multi_snp_TWAS_proxy	GSM7290914	GSM7290914	stone_disease	Fibroblast_stromal	26	1	0	0	0	0	0	no	nucleus-level scores aggregated to donor x broad_compartment; no cell-level inferential test
R2_MAGMA_Bonferroni_plus_multi_snp_TWAS_proxy	GSM7290914	GSM7290914	stone_disease	Injured_undifferentiated_epithelial	13	1	0.366972717407254	0	0.908235667989182	0.251899251626176	0.153846153846154	yes	nucleus-level scores aggregated to donor x broad_compartment; no cell-level inferential test
R2_MAGMA_Bonferroni_plus_multi_snp_TWAS_proxy	GSM7290914	GSM7290914	stone_disease	Loop_of_Henle_TAL	4	1	0	0	0	0	0	yes	nucleus-level scores aggregated to donor x broad_compartment; no cell-level inferential test
R2_R3_MAGMA_plus_TWAS_proxy	GSM7290910	GSM7290910	healthy_control	Collecting_duct_principal	6318	14	0.102083461983422	0	0.128736550448043	0.00161961599474796	0.0610161443494777	no	nucleus-level scores aggregated to donor x broad_compartment; no cell-level inferential test
R2_R3_MAGMA_plus_TWAS_proxy	GSM7290910	GSM7290910	healthy_control	Endothelial	271	14	0.151760806324393	0.152172821746892	0.11902809069974	0.00723044158533302	0.131523458091724	no	nucleus-level scores aggregated to donor x broad_compartment; no cell-level inferential test
R2_R3_MAGMA_plus_TWAS_proxy	GSM7290910	GSM7290910	healthy_control	Fibroblast_stromal	902	14	0.152597315309547	0.152102867544701	0.123935437588093	0.00412659868774015	0.125910674691162	no	nucleus-level scores aggregated to donor x broad_compartment; no cell-level inferential test
R2_R3_MAGMA_plus_TWAS_proxy	GSM7290910	GSM7290910	healthy_control	Injured_undifferentiated_epithelial	566	14	0.126527065257441	0.128749961078606	0.104027255825495	0.0043725917055729	0.114462392730944	no	nucleus-level scores aggregated to donor x broad_compartment; no cell-level inferential test
R2_R3_MAGMA_plus_TWAS_proxy	GSM7290910	GSM7290910	healthy_control	Loop_of_Henle_TAL	29	14	0.151790383046655	0.158289126950404	0.0865253765701491	0.0160673590630906	0.182266009852217	no	nucleus-level scores aggregated to donor x broad_compartment; no cell-level inferential test
R2_R3_MAGMA_plus_TWAS_proxy	GSM7290910	GSM7290910	healthy_control	Pericyte_smooth_muscle	113	14	0.183219626616369	0.176762915632	0.11172354143067	0.0105100666913551	0.154235145385588	no	nucleus-level scores aggregated to donor x broad_compartment; no cell-level inferential test
R2_R3_MAGMA_plus_TWAS_proxy	GSM7290912	GSM7290912	healthy_control	Collecting_duct_principal	16248	14	0.135134611723345	0.137860629977578	0.124748905400621	0.00097867115536602	0.0979549131321657	no	nucleus-level scores aggregated to donor x broad_compartment; no cell-level inferential test
R2_R3_MAGMA_plus_TWAS_proxy	GSM7290912	GSM7290912	healthy_control	Endothelial	810	14	0.165962917507964	0.154976109377066	0.120213427040855	0.00422386927537307	0.141269841269841	no	nucleus-level scores aggregated to donor x broad_compartment; no cell-level inferential test
R2_R3_MAGMA_plus_TWAS_proxy	GSM7290912	GSM7290912	healthy_control	Fibroblast_stromal	1733	14	0.139394139971827	0.133540235084604	0.116742519173168	0.00280433427035422	0.104360728711565	no	nucleus-level scores aggregated to donor x broad_compartment; no cell-level inferential test
R2_R3_MAGMA_plus_TWAS_proxy	GSM7290912	GSM7290912	healthy_control	Injured_undifferentiated_epithelial	55	14	0.120128136079595	0.143339757095309	0.113203066805875	0.0152642984141877	0.0701298701298701	no	nucleus-level scores aggregated to donor x broad_compartment; no cell-level inferential test
R2_R3_MAGMA_plus_TWAS_proxy	GSM7290912	GSM7290912	healthy_control	Loop_of_Henle_TAL	244	14	0.13792970588613	0.132430241227557	0.104637415236307	0.00669872408554982	0.112412177985948	no	nucleus-level scores aggregated to donor x broad_compartment; no cell-level inferential test
R2_R3_MAGMA_plus_TWAS_proxy	GSM7290912	GSM7290912	healthy_control	Pericyte_smooth_muscle	14	14	0.188956753636987	0.175069402453276	0.10205327266729	0.0272748843942871	0.137755102040816	yes	nucleus-level scores aggregated to donor x broad_compartment; no cell-level inferential test
R2_R3_MAGMA_plus_TWAS_proxy	GSM7290913	GSM7290913	stone_disease	Collecting_duct_principal	1385	14	0.148829670969934	0.148808537461092	0.116345649428145	0.00312626120581318	0.136565239814337	no	nucleus-level scores aggregated to donor x broad_compartment; no cell-level inferential test
R2_R3_MAGMA_plus_TWAS_proxy	GSM7290913	GSM7290913	stone_disease	Endothelial	305	14	0.159649021094274	0.158781747411447	0.10383110591254	0.0059453518295487	0.166276346604215	no	nucleus-level scores aggregated to donor x broad_compartment; no cell-level inferential test
R2_R3_MAGMA_plus_TWAS_proxy	GSM7290913	GSM7290913	stone_disease	Fibroblast_stromal	761	14	0.161137485784364	0.162243443606553	0.110455662876203	0.00400401465112714	0.164633001689506	no	nucleus-level scores aggregated to donor x broad_compartment; no cell-level inferential test
R2_R3_MAGMA_plus_TWAS_proxy	GSM7290913	GSM7290913	stone_disease	Injured_undifferentiated_epithelial	1727	14	0.0977988597656859	0	0.12623227611194	0.00303755565761901	0.0595169162048143	no	nucleus-level scores aggregated to donor x broad_compartment; no cell-level inferential test
R2_R3_MAGMA_plus_TWAS_proxy	GSM7290913	GSM7290913	stone_disease	Loop_of_Henle_TAL	263	14	0.141764635592233	0.139952302906278	0.0917507995124202	0.00565759666664787	0.128462791960891	no	nucleus-level scores aggregated to donor x broad_compartment; no cell-level inferential test
R2_R3_MAGMA_plus_TWAS_proxy	GSM7290913	GSM7290913	stone_disease	Pericyte_smooth_muscle	21	14	0.145151741814411	0.141925106056977	0.102152144783734	0.0222914255177881	0.115646258503401	no	nucleus-level scores aggregated to donor x broad_compartment; no cell-level inferential test
R2_R3_MAGMA_plus_TWAS_proxy	GSM7290914	GSM7290914	stone_disease	Collecting_duct_principal	10898	14	0.130060429435632	0.127214826199349	0.116316084183472	0.00111420825387944	0.100647563117741	no	nucleus-level scores aggregated to donor x broad_compartment; no cell-level inferential test
R2_R3_MAGMA_plus_TWAS_proxy	GSM7290914	GSM7290914	stone_disease	Endothelial	1172	14	0.137209631552841	0.127982897355666	0.119776289428571	0.00349870277145697	0.087335446123842	no	nucleus-level scores aggregated to donor x broad_compartment; no cell-level inferential test
R2_R3_MAGMA_plus_TWAS_proxy	GSM7290914	GSM7290914	stone_disease	Fibroblast_stromal	26	14	0.0854405017846728	0	0.117431589042254	0.0230302293861023	0.0357142857142857	no	nucleus-level scores aggregated to donor x broad_compartment; no cell-level inferential test
R2_R3_MAGMA_plus_TWAS_proxy	GSM7290914	GSM7290914	stone_disease	Injured_undifferentiated_epithelial	13	14	0.132363983336718	0.138179399342855	0.121421586210169	0.0336762888483796	0.0659340659340659	yes	nucleus-level scores aggregated to donor x broad_compartment; no cell-level inferential test
R2_R3_MAGMA_plus_TWAS_proxy	GSM7290914	GSM7290914	stone_disease	Loop_of_Henle_TAL	4	14	0.0956440529617153	0.0550908456287168	0.128773237990558	0.0643866189952792	0.0714285714285714	yes	nucleus-level scores aggregated to donor x broad_compartment; no cell-level inferential test
R3_MAGMA_Bonferroni_plus_one_snp_TWAS_proxy	GSM7290910	GSM7290910	healthy_control	Collecting_duct_principal	6318	13	0.102065328067239	0	0.132351588594856	0.00166509626887232	0.0609126549297489	no	nucleus-level scores aggregated to donor x broad_compartment; no cell-level inferential test
R3_MAGMA_Bonferroni_plus_one_snp_TWAS_proxy	GSM7290910	GSM7290910	healthy_control	Endothelial	271	13	0.150508199605911	0.146592142899218	0.121107929499734	0.00735678279489007	0.129435140505251	no	nucleus-level scores aggregated to donor x broad_compartment; no cell-level inferential test
R3_MAGMA_Bonferroni_plus_one_snp_TWAS_proxy	GSM7290910	GSM7290910	healthy_control	Fibroblast_stromal	902	13	0.153841569762297	0.154319484255	0.128489769213562	0.00427824134358531	0.126641651031895	no	nucleus-level scores aggregated to donor x broad_compartment; no cell-level inferential test
R3_MAGMA_Bonferroni_plus_one_snp_TWAS_proxy	GSM7290910	GSM7290910	healthy_control	Injured_undifferentiated_epithelial	566	13	0.124384861725468	0.121429952034264	0.104268975842309	0.00438275195571315	0.111579233487361	no	nucleus-level scores aggregated to donor x broad_compartment; no cell-level inferential test
R3_MAGMA_Bonferroni_plus_one_snp_TWAS_proxy	GSM7290910	GSM7290910	healthy_control	Loop_of_Henle_TAL	29	13	0.140412989705689	0.148320082133112	0.0885062456511237	0.0164351972169666	0.169761273209549	no	nucleus-level scores aggregated to donor x broad_compartment; no cell-level inferential test
R3_MAGMA_Bonferroni_plus_one_snp_TWAS_proxy	GSM7290910	GSM7290910	healthy_control	Pericyte_smooth_muscle	113	13	0.188171395771722	0.175551136852069	0.115461099703121	0.0108616665977245	0.156569094622192	no	nucleus-level scores aggregated to donor x broad_compartment; no cell-level inferential test
R3_MAGMA_Bonferroni_plus_one_snp_TWAS_proxy	GSM7290912	GSM7290912	healthy_control	Collecting_duct_principal	16248	13	0.137977998646411	0.13737644301726	0.130297965411339	0.00102220424252574	0.0994631291898646	no	nucleus-level scores aggregated to donor x broad_compartment; no cell-level inferential test
R3_MAGMA_Bonferroni_plus_one_snp_TWAS_proxy	GSM7290912	GSM7290912	healthy_control	Endothelial	810	13	0.164661826844399	0.152898470745389	0.123796720522457	0.00434977337455859	0.139411206077873	no	nucleus-level scores aggregated to donor x broad_compartment; no cell-level inferential test
R3_MAGMA_Bonferroni_plus_one_snp_TWAS_proxy	GSM7290912	GSM7290912	healthy_control	Fibroblast_stromal	1733	13	0.141391059827441	0.133797403712617	0.121803317527837	0.00292590240475689	0.105064583425807	no	nucleus-level scores aggregated to donor x broad_compartment; no cell-level inferential test
R3_MAGMA_Bonferroni_plus_one_snp_TWAS_proxy	GSM7290912	GSM7290912	healthy_control	Injured_undifferentiated_epithelial	55	13	0.120579544379679	0.145588986670668	0.119514095658988	0.0161152773711417	0.0699300699300699	no	nucleus-level scores aggregated to donor x broad_compartment; no cell-level inferential test
R3_MAGMA_Bonferroni_plus_one_snp_TWAS_proxy	GSM7290912	GSM7290912	healthy_control	Loop_of_Henle_TAL	244	13	0.134479875384924	0.126391044022793	0.106094218799883	0.00679198637702754	0.109079445145019	no	nucleus-level scores aggregated to donor x broad_compartment; no cell-level inferential test
R3_MAGMA_Bonferroni_plus_one_snp_TWAS_proxy	GSM7290912	GSM7290912	healthy_control	Pericyte_smooth_muscle	14	13	0.17787741053709	0.160642381063255	0.0957613779326781	0.0255933047935326	0.126373626373626	yes	nucleus-level scores aggregated to donor x broad_compartment; no cell-level inferential test
R3_MAGMA_Bonferroni_plus_one_snp_TWAS_proxy	GSM7290913	GSM7290913	stone_disease	Collecting_duct_principal	1385	13	0.149289373286569	0.148394476766497	0.119542796762814	0.00321217002776546	0.135462371563455	no	nucleus-level scores aggregated to donor x broad_compartment; no cell-level inferential test
R3_MAGMA_Bonferroni_plus_one_snp_TWAS_proxy	GSM7290913	GSM7290913	stone_disease	Endothelial	305	13	0.157749008863927	0.159561357204229	0.107956529973158	0.00618157292409352	0.162421185372005	no	nucleus-level scores aggregated to donor x broad_compartment; no cell-level inferential test
R3_MAGMA_Bonferroni_plus_one_snp_TWAS_proxy	GSM7290913	GSM7290913	stone_disease	Fibroblast_stromal	761	13	0.161955014860464	0.164412457875448	0.111479635589564	0.00404113363298729	0.16405539270191	no	nucleus-level scores aggregated to donor x broad_compartment; no cell-level inferential test
R3_MAGMA_Bonferroni_plus_one_snp_TWAS_proxy	GSM7290913	GSM7290913	stone_disease	Injured_undifferentiated_epithelial	1727	13	0.0967395627479145	0	0.130631696921823	0.00314341991027223	0.0583492940180838	no	nucleus-level scores aggregated to donor x broad_compartment; no cell-level inferential test
R3_MAGMA_Bonferroni_plus_one_snp_TWAS_proxy	GSM7290913	GSM7290913	stone_disease	Loop_of_Henle_TAL	263	13	0.139053612700684	0.130830095785135	0.092565892952463	0.00570785748130997	0.124890318806669	no	nucleus-level scores aggregated to donor x broad_compartment; no cell-level inferential test
R3_MAGMA_Bonferroni_plus_one_snp_TWAS_proxy	GSM7290913	GSM7290913	stone_disease	Pericyte_smooth_muscle	21	13	0.144561666251265	0.152842421907513	0.109417152338676	0.0238767801389762	0.113553113553114	no	nucleus-level scores aggregated to donor x broad_compartment; no cell-level inferential test
R3_MAGMA_Bonferroni_plus_one_snp_TWAS_proxy	GSM7290914	GSM7290914	stone_disease	Collecting_duct_principal	10898	13	0.129455833661353	0.126043676495624	0.119784213923125	0.00114742996013419	0.0992842723435493	no	nucleus-level scores aggregated to donor x broad_compartment; no cell-level inferential test
R3_MAGMA_Bonferroni_plus_one_snp_TWAS_proxy	GSM7290914	GSM7290914	stone_disease	Endothelial	1172	13	0.134716082949378	0.128853963104266	0.123137730209481	0.00359689150507334	0.0855211341559465	no	nucleus-level scores aggregated to donor x broad_compartment; no cell-level inferential test
R3_MAGMA_Bonferroni_plus_one_snp_TWAS_proxy	GSM7290914	GSM7290914	stone_disease	Fibroblast_stromal	26	13	0.0920128480758015	0	0.12646478819935	0.0248017854927256	0.0384615384615385	no	nucleus-level scores aggregated to donor x broad_compartment; no cell-level inferential test
R3_MAGMA_Bonferroni_plus_one_snp_TWAS_proxy	GSM7290914	GSM7290914	stone_disease	Injured_undifferentiated_epithelial	13	13	0.114317157638984	0.111510742766841	0.12776745747214	0.0354363168654972	0.0591715976331361	yes	nucleus-level scores aggregated to donor x broad_compartment; no cell-level inferential test
R3_MAGMA_Bonferroni_plus_one_snp_TWAS_proxy	GSM7290914	GSM7290914	stone_disease	Loop_of_Henle_TAL	4	13	0.103001287804924	0.0593286029847719	0.13867887168214	0.0693394358410699	0.0769230769230769	yes	nucleus-level scores aggregated to donor x broad_compartment; no cell-level inferential test
R4_MAGMA_lower_priority	GSM7290910	GSM7290910	healthy_control	Collecting_duct_principal	6318	33	0.143641606050691	0.122005433245212	0.115096954730758	0.00144801820601797	0.0823381008566193	no	nucleus-level scores aggregated to donor x broad_compartment; no cell-level inferential test
R4_MAGMA_lower_priority	GSM7290910	GSM7290910	healthy_control	Endothelial	271	33	0.289624192641573	0.298371002792507	0.106087021161419	0.00644432759494234	0.20060382422006	no	nucleus-level scores aggregated to donor x broad_compartment; no cell-level inferential test
R4_MAGMA_lower_priority	GSM7290910	GSM7290910	healthy_control	Fibroblast_stromal	902	33	0.21527821116744	0.227663904192992	0.11382329058182	0.00378990102177464	0.154169186319962	no	nucleus-level scores aggregated to donor x broad_compartment; no cell-level inferential test
R4_MAGMA_lower_priority	GSM7290910	GSM7290910	healthy_control	Injured_undifferentiated_epithelial	566	33	0.219749580827686	0.232407779818072	0.110279251078727	0.00463538266713996	0.183103115965307	no	nucleus-level scores aggregated to donor x broad_compartment; no cell-level inferential test
R4_MAGMA_lower_priority	GSM7290910	GSM7290910	healthy_control	Loop_of_Henle_TAL	29	33	0.305733062336472	0.317499289408252	0.0751694862736799	0.0139586231741862	0.308254963427377	no	nucleus-level scores aggregated to donor x broad_compartment; no cell-level inferential test
R4_MAGMA_lower_priority	GSM7290910	GSM7290910	healthy_control	Pericyte_smooth_muscle	113	33	0.253375825050393	0.253669613727797	0.0879588140066668	0.00827446918943429	0.209171359613837	no	nucleus-level scores aggregated to donor x broad_compartment; no cell-level inferential test
R4_MAGMA_lower_priority	GSM7290912	GSM7290912	healthy_control	Collecting_duct_principal	16248	33	0.209734171816509	0.211252842297458	0.12264001907954	0.000962126671823178	0.142760694090088	no	nucleus-level scores aggregated to donor x broad_compartment; no cell-level inferential test
R4_MAGMA_lower_priority	GSM7290912	GSM7290912	healthy_control	Endothelial	810	33	0.295799262425091	0.305253940205725	0.104009868934034	0.00365453427741263	0.209913954358399	no	nucleus-level scores aggregated to donor x broad_compartment; no cell-level inferential test
R4_MAGMA_lower_priority	GSM7290912	GSM7290912	healthy_control	Fibroblast_stromal	1733	33	0.237086212971976	0.240981590649194	0.105354856642652	0.00253078515971542	0.154610152302016	no	nucleus-level scores aggregated to donor x broad_compartment; no cell-level inferential test
R4_MAGMA_lower_priority	GSM7290912	GSM7290912	healthy_control	Injured_undifferentiated_epithelial	55	33	0.178517786835151	0.16099324178181	0.117487948928995	0.0158420718018034	0.10137741046832	no	nucleus-level scores aggregated to donor x broad_compartment; no cell-level inferential test
R4_MAGMA_lower_priority	GSM7290912	GSM7290912	healthy_control	Loop_of_Henle_TAL	244	33	0.287059567598014	0.287154378766508	0.100105620572147	0.00640860566090204	0.216964729259811	no	nucleus-level scores aggregated to donor x broad_compartment; no cell-level inferential test
R4_MAGMA_lower_priority	GSM7290912	GSM7290912	healthy_control	Pericyte_smooth_muscle	14	33	0.267038009096095	0.240870008819637	0.0965086021357948	0.0257930088620446	0.17965367965368	yes	nucleus-level scores aggregated to donor x broad_compartment; no cell-level inferential test
R4_MAGMA_lower_priority	GSM7290913	GSM7290913	stone_disease	Collecting_duct_principal	1385	33	0.253663464883746	0.266778678448188	0.119905110208996	0.00322190555699848	0.205491740509791	no	nucleus-level scores aggregated to donor x broad_compartment; no cell-level inferential test
R4_MAGMA_lower_priority	GSM7290913	GSM7290913	stone_disease	Endothelial	305	33	0.322527095489943	0.329900108784367	0.104541022397997	0.00598600152925621	0.247888723298559	no	nucleus-level scores aggregated to donor x broad_compartment; no cell-level inferential test
R4_MAGMA_lower_priority	GSM7290913	GSM7290913	stone_disease	Fibroblast_stromal	761	33	0.267996891861511	0.284250245169313	0.108097741172864	0.00391854005615808	0.211085891769203	no	nucleus-level scores aggregated to donor x broad_compartment; no cell-level inferential test
R4_MAGMA_lower_priority	GSM7290913	GSM7290913	stone_disease	Injured_undifferentiated_epithelial	1727	33	0.150110251292945	0.138327406773252	0.115245518068839	0.00277317882721852	0.0832587601551122	no	nucleus-level scores aggregated to donor x broad_compartment; no cell-level inferential test
R4_MAGMA_lower_priority	GSM7290913	GSM7290913	stone_disease	Loop_of_Henle_TAL	263	33	0.308439470379406	0.31942436738591	0.0932981350307908	0.00575300946214874	0.249337481276645	no	nucleus-level scores aggregated to donor x broad_compartment; no cell-level inferential test
R4_MAGMA_lower_priority	GSM7290913	GSM7290913	stone_disease	Pericyte_smooth_muscle	21	33	0.261794074682951	0.260963836370312	0.0906154091712288	0.0197739034122167	0.209235209235209	no	nucleus-level scores aggregated to donor x broad_compartment; no cell-level inferential test
R4_MAGMA_lower_priority	GSM7290914	GSM7290914	stone_disease	Collecting_duct_principal	10898	33	0.239110566642667	0.249247460489405	0.124780380124388	0.00119528894419714	0.164903763270436	no	nucleus-level scores aggregated to donor x broad_compartment; no cell-level inferential test
R4_MAGMA_lower_priority	GSM7290914	GSM7290914	stone_disease	Endothelial	1172	33	0.265017673602145	0.263724936315271	0.106333303960981	0.00310602897319108	0.151256593236115	no	nucleus-level scores aggregated to donor x broad_compartment; no cell-level inferential test
R4_MAGMA_lower_priority	GSM7290914	GSM7290914	stone_disease	Fibroblast_stromal	26	33	0.140501050735108	0.111070868941868	0.126669732672946	0.0248419784108051	0.0629370629370629	no	nucleus-level scores aggregated to donor x broad_compartment; no cell-level inferential test
R4_MAGMA_lower_priority	GSM7290914	GSM7290914	stone_disease	Injured_undifferentiated_epithelial	13	33	0.215630306808434	0.214480128548007	0.12106998581318	0.0335787724437782	0.104895104895105	yes	nucleus-level scores aggregated to donor x broad_compartment; no cell-level inferential test
R4_MAGMA_lower_priority	GSM7290914	GSM7290914	stone_disease	Loop_of_Henle_TAL	4	33	0.23714272647346	0.217179341616059	0.0791450880500678	0.0395725440250339	0.174242424242424	yes	nucleus-level scores aggregated to donor x broad_compartment; no cell-level inferential test
R5_TWAS_proxy_only	GSM7290910	GSM7290910	healthy_control	Collecting_duct_principal	6318	1	0.170688910598824	0	0.612200819212002	0.00770201030975842	0.0861031972143089	no	nucleus-level scores aggregated to donor x broad_compartment; no cell-level inferential test
R5_TWAS_proxy_only	GSM7290910	GSM7290910	healthy_control	Endothelial	271	1	0.154261418250627	0	0.410910187544166	0.024961016264229	0.140221402214022	no	nucleus-level scores aggregated to donor x broad_compartment; no cell-level inferential test
R5_TWAS_proxy_only	GSM7290910	GSM7290910	healthy_control	Fibroblast_stromal	902	1	0.122142971042076	0	0.409367622613263	0.0136304508795432	0.1019955654102	no	nucleus-level scores aggregated to donor x broad_compartment; no cell-level inferential test
R5_TWAS_proxy_only	GSM7290910	GSM7290910	healthy_control	Injured_undifferentiated_epithelial	566	1	0.133074818109198	0	0.456818041643277	0.0192014944929068	0.113074204946997	no	nucleus-level scores aggregated to donor x broad_compartment; no cell-level inferential test
R5_TWAS_proxy_only	GSM7290910	GSM7290910	healthy_control	Loop_of_Henle_TAL	29	1	0.107560908925936	0	0.284294561897523	0.0527921748134573	0.137931034482759	no	nucleus-level scores aggregated to donor x broad_compartment; no cell-level inferential test
R5_TWAS_proxy_only	GSM7290910	GSM7290910	healthy_control	Pericyte_smooth_muscle	113	1	0.117805740004736	0	0.324605362440301	0.0305363038436813	0.132743362831858	no	nucleus-level scores aggregated to donor x broad_compartment; no cell-level inferential test
R5_TWAS_proxy_only	GSM7290912	GSM7290912	healthy_control	Collecting_duct_principal	16248	1	0.152948821958835	0	0.531476636866637	0.00416950235019642	0.096196454948301	no	nucleus-level scores aggregated to donor x broad_compartment; no cell-level inferential test
R5_TWAS_proxy_only	GSM7290912	GSM7290912	healthy_control	Endothelial	810	1	0.167344087171736	0	0.435645670748988	0.0153070285817621	0.145679012345679	no	nucleus-level scores aggregated to donor x broad_compartment; no cell-level inferential test
R5_TWAS_proxy_only	GSM7290912	GSM7290912	healthy_control	Fibroblast_stromal	1733	1	0.142742788422115	0	0.478485604022635	0.0114939577005481	0.0952106174264282	no	nucleus-level scores aggregated to donor x broad_compartment; no cell-level inferential test
R5_TWAS_proxy_only	GSM7290912	GSM7290912	healthy_control	Injured_undifferentiated_epithelial	55	1	0.117483419657343	0	0.418889614093845	0.0564830640418702	0.0909090909090909	no	nucleus-level scores aggregated to donor x broad_compartment; no cell-level inferential test
R5_TWAS_proxy_only	GSM7290912	GSM7290912	healthy_control	Loop_of_Henle_TAL	244	1	0.169201423864767	0	0.431916630589501	0.0276506288859045	0.147540983606557	no	nucleus-level scores aggregated to donor x broad_compartment; no cell-level inferential test
R5_TWAS_proxy_only	GSM7290912	GSM7290912	healthy_control	Pericyte_smooth_muscle	14	1	0.173937064153997	0	0.450479782238612	0.12039578605753	0.142857142857143	yes	nucleus-level scores aggregated to donor x broad_compartment; no cell-level inferential test
R5_TWAS_proxy_only	GSM7290913	GSM7290913	stone_disease	Collecting_duct_principal	1385	1	0.13344815629108	0	0.44473082529269	0.0119501221831289	0.111191335740072	no	nucleus-level scores aggregated to donor x broad_compartment; no cell-level inferential test
R5_TWAS_proxy_only	GSM7290913	GSM7290913	stone_disease	Endothelial	305	1	0.172250513893917	0	0.376682463233243	0.02156877510126	0.20327868852459	no	nucleus-level scores aggregated to donor x broad_compartment; no cell-level inferential test
R5_TWAS_proxy_only	GSM7290913	GSM7290913	stone_disease	Fibroblast_stromal	761	1	0.104328651277964	0	0.332454431011037	0.0120514637089478	0.111695137976347	no	nucleus-level scores aggregated to donor x broad_compartment; no cell-level inferential test
R5_TWAS_proxy_only	GSM7290913	GSM7290913	stone_disease	Injured_undifferentiated_epithelial	1727	1	0.160534797884877	0	0.595638700231935	0.0143329880400945	0.0856977417486972	no	nucleus-level scores aggregated to donor x broad_compartment; no cell-level inferential test
R5_TWAS_proxy_only	GSM7290913	GSM7290913	stone_disease	Loop_of_Henle_TAL	263	1	0.1011666316195	0	0.310632152249312	0.019154399072909	0.106463878326996	no	nucleus-level scores aggregated to donor x broad_compartment; no cell-level inferential test
R5_TWAS_proxy_only	GSM7290913	GSM7290913	stone_disease	Pericyte_smooth_muscle	21	1	0.0813357599563697	0	0.258336176648277	0.0563735754398196	0.0952380952380952	no	nucleus-level scores aggregated to donor x broad_compartment; no cell-level inferential test
R5_TWAS_proxy_only	GSM7290914	GSM7290914	stone_disease	Collecting_duct_principal	10898	1	0.104806917226176	0	0.401814076022882	0.00384903397644859	0.0814828408882363	no	nucleus-level scores aggregated to donor x broad_compartment; no cell-level inferential test
R5_TWAS_proxy_only	GSM7290914	GSM7290914	stone_disease	Endothelial	1172	1	0.117355671752369	0	0.427370185976102	0.0124836164256396	0.075085324232082	no	nucleus-level scores aggregated to donor x broad_compartment; no cell-level inferential test
R5_TWAS_proxy_only	GSM7290914	GSM7290914	stone_disease	Fibroblast_stromal	26	1	0.258832522907973	0	0.740244767434059	0.145173942845431	0.115384615384615	no	nucleus-level scores aggregated to donor x broad_compartment; no cell-level inferential test
R5_TWAS_proxy_only	GSM7290914	GSM7290914	stone_disease	Injured_undifferentiated_epithelial	13	1	0	0	0	0	0	yes	nucleus-level scores aggregated to donor x broad_compartment; no cell-level inferential test
R5_TWAS_proxy_only	GSM7290914	GSM7290914	stone_disease	Loop_of_Henle_TAL	4	1	0	0	0	0	0	yes	nucleus-level scores aggregated to donor x broad_compartment; no cell-level inferential test
